kartno;netgelir;yas
1000000110;10200;50
1000000112;600;41
1000000113;1650;20
1000000118;7541.25;57
1000000124;5775;28
1000000132;23265;61
1000000133;3060;61
1000000134;1725;34
1000000135;4200;53
1000000136;1005;41
1000000138;1648.125;50
1000000157;465;24
1000000161;2700;34
1000000170;551.25;24
1000000198;1305;38
1000000219;26115;55
1000000243;975;25
1000000261;1320;32
1000000359;6615;33
1000000386;4350;29
1000000412;8272.5;32
1000000417;900;44
1000000440;742.5;27
1000000442;2040;51
1000000452;5190;77
1000000477;5970;34
1000000486;960;49
1000000489;202.5;25
1000000492;2055;23
1000000495;1200;30
1000000525;2805;54
1000000536;2160;33
1000000537;9300;33
1000000538;2850;27
1000000543;45;52
1000000552;14880;33
1000000556;1342.5;25
1000000558;1545;23
1000000561;10965;45
1000000573;11643.75;4
1000000598;1867.5;37
1000000602;5137.5;26
1000000606;2040;31
1000000629;12517.5;38
1000000630;157.5;38
1000000654;1320;29
1000000655;5947.5;29
1000000658;2940;34
1000000663;3135;27
1000000666;2130;36
1000000669;2257.5;34
1000000680;11745;19
1000000684;3585;22
1000000704;742.5;27
1000000711;9030;44
1000000717;810;69
1000000722;1695;33
1000000724;225;29
1000000730;4500;30
1000000743;2340;36
1000000748;11235;33
1000000752;1410;31
1000000758;300;47
1000000761;1380;54
1000000767;14122.5;48
1000000779;8415;34
1000000781;2880;32
1000000784;7320;50
1000000787;1350;70
1000000798;337.5;29
1000000816;12075;36
1000000826;7200;86
1000000830;40095;66
1000000831;1305;66
1000000859;2160;40
1000000869;4200;70
1000000874;3600;87
1000000879;1852.5;30
1000000892;1950;35
1000000903;2400;69
1000000912;18360;76
1000000968;7560;55
1000000980;6120;53
1000000986;8070;44
1000000999;2490;43
1000001004;255;26
1000001005;450;26
1000001013;4200;77
1000001017;4200;70
1000001033;5400;48
1000001046;8437.5;71
1000001077;2220;56
1000001110;5250;40
1000001122;390;29
1000001147;2790;32
1000001187;9450;40
1000001188;3427.5;40
1000001214;900;33
1000001218;15030;35
1000001221;9060;53
1000001222;4080;34
1000001223;990;24
1000001229;5790;31
1000001230;1260;31
1000001261;2805;49
1000001264;4605;32
1000001287;2100;31
1000001288;1185;31
1000001350;10410;54
1000001351;3285;54
1000001377;2670;73
1000001453;2070;42
1000001463;5115;31
1000001464;2212.5;31
1000001468;3705;39
1000001469;1882.5;39
1000001487;2700;57
1000001491;2467.5;24
1000001494;10252.5;30
1000001495;202.5;30
1000001513;1800;51
1000001519;2685;25
1000001520;2025;25
1000001523;6795;49
1000001528;2460;38
1000001545;7320;27
1000001561;3330;38
1000001564;4125;30
1000001575;14715;47
1000001588;3885;28
1000001589;450;28
1000001593;1440;45
1000001608;3000;38
1000001615;9225;43
1000001616;3555;43
1000001620;10586.25;63
1000001624;1410;37
1000001629;12750;35
1000001645;3990;39
1000001651;1620;48
1000001656;9300;54
1000001660;9960;71
1000001661;2580;71
1000001665;690;19
1000001677;7035;54
1000001684;540;17
1000001687;0;56
1000001706;4380;34
1000001708;30660;43
1000001720;6240;34
1000001723;11070;34
1000001728;180;22
1000001733;4350;38
1000001734;945;38
1000001739;1620;69
1000001740;3213.75;69
1000001748;7350;31
1000001763;14325;45
1000001764;6600;45
1000001768;16305;50
1000001772;480;23
1000001773;750;23
1000001807;6765;29
1000001826;8100;40
1000001846;2737.5;29
1000001856;16807.5;60
1000001919;2610;34
1000001933;8460;64
1000001948;3750;31
1000001981;1650;33
1000001982;2250;33
1000001988;3075;25
1000001993;3000;27
1000001994;945;27
1000001997;180;42
1000002005;4260;30
1000002012;3382.5;30
1000002017;16050;41
1000002033;13470;39
1000002059;900;26
1000002066;8610;32
1000002074;1380;30
1000002083;4905;38
1000002111;1357.5;23
1000002148;3450;32
1000002149;2835;32
1000002157;3600;46
1000002185;945;40
1000002207;1080;41
1000002211;6600;52
1000002218;1860;28
1000002244;9180;41
1000002247;3900;44
1000002282;5955;56
1000002283;180;56
1000002295;562.5;25
1000002299;600;69
1000002332;4620;50
1000002338;10320;58
1000002343;1680;45
1000002350;2160;47
1000002351;1140;47
1000002372;3000;45
1000002394;225;56
1000002424;3540;28
1000002447;5760;45
1000002530;5580;34
1000002531;1920;34
1000002540;1935;50
1000002544;5340;30
1000002554;5400;29
1000002559;5850;27
1000002565;2700;73
1000002573;810;73
1000002605;3675;60
1000002606;4050;60
1000002627;4650;5
1000002642;1747.5;24
1000002655;3870;54
1000002656;2047.5;54
1000002688;4920;53
1000002697;12375;53
1000002704;6885;52
1000002711;4200;48
1000002726;2100;48
1000002727;3630;48
1000002759;1275;25
1000002762;615;24
1000002767;975;31
1000002772;2460;52
1000002795;2550;62
1000002796;16140;62
1000002807;8160;33
1000002808;180;33
1000002821;2595;22
1000002823;180;42
1000002843;3810;33
1000002844;2415;33
1000002865;21937.5;66
1000002871;11700;56
1000002872;4215;56
1000002880;1170;24
1000002883;31706.25;55
1000002887;12000;51
1000002899;2490;32
1000002903;26700;66
1000002924;8760;55
1000002925;3930;55
1000002926;1650;51
1000002947;2265;62
1000002953;3600;28
1000002971;5715;49
1000002972;967.5;49
1000002976;2025;25
1000002981;13260;49
1000002986;7260;36
1000003004;3720;33
1000003005;930;33
1000003015;9450;48
1000003021;1620;29
1000003026;4470;32
1000003029;495;47
1000003050;10140;62
1000003051;2160;62
1000003057;21270;55
1000003058;9075;55
1000003104;4830;33
1000003111;360;38
1000003126;6060;62
1000003146;10980;30
1000003151;6765;34
1000003181;2100;36
1000003187;3930;30
1000003201;10890;29
1000003206;4845;31
1000003221;15967.5;33
1000003230;4050;31
1000003239;10470;60
1000003240;2452.5;60
1000003260;945;38
1000003271;6375;53
1000003272;3060;53
1000003279;27090;40
1000003304;3045;23
1000003338;7552.5;38
1000003374;3405;43
1000003381;3105;26
1000003389;6705;26
1000003395;2550;31
1000003402;7020;51
1000003413;960;22
1000003414;135;22
1000003434;225;50
1000003450;12315;35
1000003459;270;26
1000003486;5347.5;22
1000003490;4890;32
1000003497;4680;31
1000003503;9120;38
1000003504;1800;38
1000003543;1200;39
1000003548;9180;66
1000003553;506.25;26
1000003559;9150;33
1000003563;8655;32
1000003571;6090;42
1000003572;270;27
1000003664;3990;34
1000003665;1365;33
1000003694;1740;29
1000003704;1200;57
1000003709;2812.5;70
1000003719;16965;57
1000003724;2992.5;24
1000003735;900;40
1000003746;240;64
1000003751;202.5;30
1000003756;6750;47
1000003761;39690;61
1000003762;21600;61
1000003772;3540;37
1000003790;900;44
1000003798;8827.5;54
1000003803;3960;45
1000003834;4320;35
1000003835;3420;35
1000003879;4200;49
1000003881;1215;30
1000003883;3195;53
1000003886;8992.5;31
1000003899;2460;47
1000003920;1800;41
1000003932;2625;69
1000003946;7200;85
1000003947;2520;85
1000003987;1080;42
1000004000;2182.5;45
1000004006;405;20
1000004018;13650;27
1000004037;6030;30
1000004045;510;46
1000004084;2955;25
1000004085;1530;25
1000004097;6585;44
1000004133;20962.5;45
1000004161;2250;56
1000004165;4650;83
1000004187;1275;31
1000004193;4860;30
1000004203;900;52
1000004228;1245;30
1000004259;870;29
1000004274;3660;69
1000004294;202.5;25
1000004299;1440;26
1000004304;8880;85
1000004312;1575;73
1000004317;3300;33
1000004321;7680;34
1000004322;7230;34
1000004331;8025;67
1000004345;4920;42
1000004348;2752.5;32
1000004371;3570;50
1000004385;1440;55
1000004392;2805;30
1000004418;2640;33
1000004429;1867.5;27
1000004475;8640;33
1000004500;3600;36
1000004517;4785;44
1000004531;1275;38
1000004536;1275;26
1000004549;2531.25;40
1000004553;7245;37
1000004579;8362.5;57
1000004596;427.5;44
1000004608;2220;38
1000004707;13777.5;27
1000004731;5400;26
1000004732;2250;26
1000004753;1170;32
1000004764;3435;32
1000004773;3135;42
1000004786;3180;32
1000004803;1200;83
1000004804;1710;83
1000004805;2085;27
1000004820;4200;40
1000004821;5265;40
1000004828;14715;29
1000004844;450;74
1000004878;9855;35
1000004910;12945;46
1000004911;4905;46
1000004938;5880;64
1000004956;15750;73
1000004971;13725;41
1000004972;2797.5;41
1000004975;1170;23
1000004988;2970;86
1000004996;900;38
1000005000;120;57
1000005006;16785;32
1000005032;23400;71
1000005047;765;36
1000005050;25890;54
1000005057;20970;45
1000005089;27693.75;50
1000005092;6330;29
1000005099;1020;51
1000005125;19462.5;75
1000005135;720;57
1000005141;12656.25;38
1000005153;9480;57
1000005165;3705;44
1000005176;2925;32
1000005204;8940;59
1000005261;1080;29
1000005267;720;50
1000005288;14280;74
1000005290;15060;58
1000005301;9300;23
1000005316;5062.5;82
1000005344;12195;62
1000005351;22867.5;86
1000005352;2111.25;86
1000005381;9562.5;70
1000005396;10462.5;36
1000005411;1620;34
1000005431;4950;66
1000005432;7050;66
1000005438;2700;42
1000005439;270;42
1000005457;1440;55
1000005522;285;39
1000005529;3000;30
1000005534;2820;40
1000005575;900;40
1000005589;5055;34
1000005621;945;29
1000005641;7380;41
1000005648;1837.5;29
1000005664;3300;38
1000005668;1443.75;24
1000005678;8730;30
1000005683;150;56
1000005684;13175.625;56
1000005709;3975;33
1000005716;14546.25;45
1000005722;2295;66
1000005749;6090;49
1000005766;3000;48
1000005767;2317.5;48
1000005773;4590;39
1000005781;4245;55
1000005782;12232.5;55
1000005790;11400;47
1000005791;6806.25;47
1000005798;12435;30
1000005830;2640;33
1000005831;300;33
1000005837;750;29
1000005843;4425;32
1000005844;1350;32
1000005846;1935;31
1000005871;0;38
1000005886;300;37
1000005887;720;37
1000005893;11310;44
1000005907;900;60
1000005918;1147.5;40
1000005928;9390;43
1000005961;1800;48
1000005964;14265;32
1000005986;9885;77
1000006001;23160;80
1000006030;3780;48
1000006036;2700;43
1000006050;0;43
1000006053;405;21
1000006072;405;27
1000006079;3150;65
1000006107;3600;40
1000006117;21330;61
1000006118;900;61
1000006229;3330;49
1000006249;2700;50
1000006269;1181.25;32
1000006339;2340;36
1000006368;2865;90
1000006397;2670;65
1000006427;1327.5;50
1000006432;990;56
1000006457;150;26
1000006458;180;26
1000006465;360;33
1000006564;270;23
1000006600;3750;40
1000006609;270;36
1000006616;7706.25;63
1000006622;1500;43
1000006623;2430;43
1000006719;5535;27
1000006726;12855;36
1000006841;3600;34
1000006843;5160;56
1000006854;2340;40
1000006869;16500;39
1000006875;9450;36
1000006885;22800;47
1000006900;7215;36
1000006936;15480;61
1000006949;202.5;29
1000006963;2430;33
1000006964;967.5;33
1000006997;3690;27
1000007040;6540;49
1000007068;4980;28
1000007069;270;28
1000007076;300;61
1000007088;36562.5;63
1000007089;675;63
1000007105;12540;43
1000007106;720;43
1000007141;5400;63
1000007143;697.5;36
1000007162;11445;51
1000007183;36708.75;68
1000007184;2340;30
1000007188;6157.5;42
1000007199;6960;79
1000007232;5160;31
1000007239;1800;38
1000007265;6720;35
1000007320;945;32
1000007342;1050;24
1000007383;2580;74
1000007391;48517.5;39
1000007408;9360;40
1000007440;10410;27
1000007447;5565;35
1000007468;4620;33
1000007483;2760;37
1000007484;6592.5;50
1000007517;4605;58
1000007545;2340;53
1000007609;4485;29
1000007616;3960;33
1000007617;2160;33
1000007636;10560;46
1000007641;3960;37
1000007663;975;83
1000007704;6825;60
1000007705;10785;60
1000007720;3000;51
1000007721;4365;51
1000007745;3480;63
1000007746;945;63
1000007756;4080;39
1000007768;4500;29
1000007773;5310;32
1000007784;12000;36
1000007795;5535;27
1000007850;3600;40
1000007851;2250;40
1000007865;5370;38
1000007871;1230;65
1000007872;5955;65
1000007892;5100;33
1000007893;5115;33
1000007932;1215;48
1000007953;2235;34
1000007954;1597.5;34
1000007960;3090;77
1000007972;5709.375;47
1000007980;1200;47
1000007990;17137.5;52
1000008010;4320;73
1000008021;2640;53
1000008103;6600;38
1000008121;1680;43
1000008122;2895;43
1000008128;7380;55
1000008142;2610;31
1000008148;1170;48
1000008168;967.5;49
1000008188;12360;80
1000008195;4275;57
1000008208;18750;58
1000008234;1500;82
1000008235;540;82
1000008241;10140;78
1000008284;675;31
1000008296;450;31
1000008308;10380;75
1000008357;6900;76
1000008358;4215;76
1000008387;9360;43
1000008406;3000;76
1000008407;3375;76
1000008464;16312.5;69
1000008481;4620;32
1000008482;1650;32
1000008518;600;31
1000008523;1687.5;47
1000008530;18000;59
1000008546;900;38
1000008559;5640;38
1000008597;900;38
1000008612;5887.5;43
1000008728;2632.5;35
1000008735;2917.5;27
1000008736;5955;27
1000008755;4320;28
1000008786;3600;52
1000008793;1470;87
1000008817;4875;30
1000008819;2220;29
1000008893;8400;61
1000008894;2610;61
1000008904;1080;50
1000008938;427.5;47
1000008946;3600;40
1000008947;2970;40
1000008955;13860;44
1000008956;10920;44
1000008981;600;62
1000008999;3420;74
1000009000;855;74
1000009006;13845;73
1000009011;315;35
1000009052;1515;55
1000009086;6045;51
1000009087;3945;51
1000009088;810;34
1000009106;4080;27
1000009107;4612.5;27
1000009119;540;43
1000009132;4410;57
1000009177;6615;28
1000009186;2925;56
1000009199;6900;30
1000009200;3067.5;30
1000009217;13987.5;36
1000009218;2782.5;36
1000009223;5235;33
1000009249;8175;37
1000009289;29925;47
1000009343;600;47
1000009356;1200;44
1000009357;3720;44
1000009400;3000;60
1000009438;11025;42
1000009482;6037.5;42
1000009560;3975;37
1000009623;2580;66
1000009629;24202.5;54
1000009674;975;75
1000009703;6495;78
1000009710;5062.5;66
1000009732;2295;42
1000009736;630;34
1000009739;2475;34
1000009769;4965;34
1000009776;3296.25;38
1000009782;3390;45
1000009805;5160;29
1000009832;10575;28
1000009853;16800;61
1000009868;1170;64
1000009891;4650;62
1000009952;2790;31
1000009979;1500;60
1000010015;13680;31
1000010048;3600;63
1000010077;6990;30
1000010091;31473.75;66
1000010120;19950;49
1000010135;6480;30
1000010136;7762.5;30
1000010144;1800;42
1000010145;1200;42
1000010179;18360;34
1000010200;5700;23
1000010250;15690;52
1000010281;15000;53
1000010368;3840;62
1000010385;11430;47
1000010386;1800;47
1000010403;13800;74
1000010404;6108.75;74
1000010441;285;34
1000010458;3300;73
1000010473;2400;33
1000010474;840;33
1000010494;3000;33
1000010517;7875;65
1000010537;1950;61
1000010538;877.5;61
1000010556;135;50
1000010572;16389.375;80
1000010608;15720;75
1000010640;19665;40
1000010659;450;47
1000010668;2497.5;74
1000010681;360;70
1000010740;3285;23
1000010746;2160;23
1000010758;3570;32
1000010776;630;29
1000010790;3825;31
1000010827;2700;50
1000010828;990;50
1000010870;8790;40
1000010957;3225;48
1000011009;5760;37
1000011013;16800;39
1000011014;6240;39
1000011019;3810;25
1000011027;11985;42
1000011045;9075;74
1000011046;4387.5;74
1000011051;22035;48
1000011074;4260;74
1000011075;1732.5;74
1000011126;525;80
1000011127;450;80
1000011139;450;51
1000011148;7290;37
1000011191;16560;26
1000011192;5490;26
1000011231;150;42
1000011265;7875;70
1000011266;3375;70
1000011284;6682.5;27
1000011302;4200;31
1000011303;7320;31
1000011313;675;26
1000011315;5602.5;29
1000011335;10920;41
1000011369;1080;42
1000011466;6945;54
1000011476;14475;38
1000011484;915;38
1000011534;7200;59
1000011582;17100;50
1000011593;4050;52
1000011594;3206.25;52
1000011601;11220;38
1000011618;6450;33
1000011619;2475;33
1000011621;17895;39
1000011654;17040;26
1000011679;40170;68
1000011709;7792.5;30
1000011716;1800;50
1000011725;540;32
1000011767;4320;28
1000011770;135;28
1000011787;3937.5;56
1000011820;5730;35
1000011825;15405;67
1000011843;480;29
1000011853;8415;28
1000011858;10200;53
1000011871;12240;35
1000011872;2092.5;35
1000011904;1500;38
1000011905;2940;38
1000011913;3270;86
1000011921;8415;58
1000011930;3360;85
1000011969;3750;30
1000011985;1575;32
1000012017;922.5;29
1000012018;3795;32
1000012029;20160;83
1000012030;840;83
1000012067;14002.5;81
1000012068;12838.125;81
1000012089;3487.5;65
1000012099;9960;39
1000012109;7440;51
1000012143;15600;49
1000012144;4440;44
1000012162;1715.625;82
1000012189;2872.5;26
1000012218;3000;38
1000012232;2850;40
1000012233;11025;40
1000012236;1845;42
1000012276;24168.75;65
1000012292;20700;77
1000012305;2160;44
1000012368;8797.5;33
1000012393;22320;67
1000012405;4680;59
1000012433;2430;29
1000012468;21341.25;56
1000012495;5400;60
1000012504;5040;43
1000012542;10365;68
1000012543;2835;68
1000012553;12960;41
1000012554;2580;35
1000012590;10020;44
1000012649;3930;35
1000012666;11580;65
1000012670;5895;58
1000012671;1147.5;58
1000012706;2925;42
1000012707;1957.5;42
1000012709;1620;23
1000012724;7365;51
1000012737;12540;64
1000012747;7818.75;49
1000012790;9780;42
1000012799;1065;38
1000012805;10830;37
1000012821;3780;52
1000012822;3195;52
1000012842;7095;47
1000012866;11115;47
1000012905;960;53
1000012914;2730;49
1000012924;21187.5;49
1000012938;843.75;47
1000012962;6240;38
1000012965;2265;49
1000012986;1800;39
1000012994;150;28
1000012997;4380;42
1000013036;7800;29
1000013049;10380;28
1000013072;6883.125;35
1000013081;3300;88
1000013113;28275;80
1000013133;3802.5;30
1000013163;540;66
1000013187;1732.5;61
1000013202;12720;75
1000013209;2160;54
1000013210;5625;54
1000013256;1800;70
1000013298;10515;80
1000013319;2280;50
1000013320;3150;50
1000013331;4995;29
1000013369;4755;33
1000013376;4740;33
1000013385;2070;41
1000013386;495;41
1000013387;2730;38
1000013403;5115;84
1000013404;1080;84
1000013410;8551.875;43
1000013415;3000;40
1000013440;6712.5;36
1000013441;3420;36
1000013483;6450;70
1000013494;1050;64
1000013506;1200;77
1000013513;3660;50
1000013514;12705;50
1000013521;2550;46
1000013522;9300;46
1000013539;3937.5;70
1000013554;6360;65
1000013555;225;65
1000013575;4290;46
1000013597;1350;58
1000013617;4980;65
1000013640;7830;71
1000013657;3375;29
1000013666;5700;86
1000013672;5355;30
1000013691;2850;54
1000013697;4560;45
1000013706;18225;56
1000013707;6836.25;56
1000013712;1050;42
1000013759;2460;46
1000013760;810;46
1000013773;1260;31
1000013793;600;39
1000013794;585;39
1000013818;3000;70
1000013827;28500;58
1000013834;6000;31
1000013879;4635;60
1000013899;3120;42
1000013907;960;40
1000013908;1800;40
1000013969;1200;44
1000013986;4320;46
1000014011;360;78
1000014022;12195;38
1000014041;1980;29
1000014049;6480;66
1000014054;4500;57
1000014058;810;61
1000014070;2520;43
1000014092;12000;47
1000014108;8820;44
1000014133;2550;33
1000014149;2790;30
1000014169;3450;46
1000014180;15300;79
1000014192;8250;38
1000014208;1350;38
1000014226;18960;43
1000014231;5760;60
1000014232;8340;60
1000014246;15600;72
1000014287;2955;29
1000014294;315;40
1000014303;5925;44
1000014415;16380;55
1000014469;1200;43
1000014491;6105;61
1000014495;300;39
1000014499;1080;49
1000014522;360;28
1000014530;14400;54
1000014550;2940;40
1000014561;5190;27
1000014570;3180;54
1000014606;17371.875;72
1000014622;8190;58
1000014628;9420;46
1000014649;8017.5;32
1000014650;1327.5;32
1000014673;9615;57
1000014719;8370;45
1000014754;1080;29
1000014798;4350;34
1000014805;16762.5;69
1000014832;16312.5;80
1000014859;5062.5;71
1000014883;1755;33
1000014959;19462.5;64
1000014961;1080;36
1000014973;11587.5;51
1000014974;2531.25;51
1000014980;5400;57
1000015010;7560;74
1000015033;14561.25;50
1000015069;742.5;55
1000015083;9300;67
1000015102;11790;33
1000015109;6540;37
1000015149;11853.75;63
1000015171;2212.5;31
1000015178;4455;70
1000015179;1755;70
1000015182;2040;33
1000015190;19687.5;61
1000015213;10710;78
1000015225;16470;50
1000015231;1260;29
1000015260;5760;50
1000015262;4807.5;30
1000015271;29793.75;69
1000015313;17287.5;67
1000015328;12360;64
1000015349;4425;80
1000015361;31035;53
1000015382;16440;58
1000015387;9911.25;58
1000015450;2160;43
1000015456;840;33
1000015485;1860;53
1000015518;11910;31
1000015529;480;34
1000015537;13440;42
1000015551;5715;73
1000015565;8970;31
1000015579;7260;58
1000015613;1642.5;46
1000015657;11640;55
1000015664;5910;34
1000015671;10200;40
1000015700;1680;40
1000015732;5025;42
1000015747;10500;34
1000015755;9360;36
1000015805;3600;55
1000015814;697.5;31
1000015836;4560;72
1000015840;13312.5;55
1000015856;3952.5;52
1000015862;4305;45
1000015872;11535;43
1000015878;4200;67
1000015886;11595;36
1000015888;5970;64
1000015911;28920;44
1000015933;10770;47
1000015951;3420;76
1000015981;19462.5;67
1000015995;8340;56
1000016002;3960;62
1000016005;9435;62
1000016042;13275;73
1000016064;15862.5;57
1000016127;13500;53
1000016128;9230.625;53
1000016135;12660;43
1000016150;6750;51
1000016196;720;46
1000016197;2748.75;46
1000016203;540;35
1000016210;2100;39
1000016216;975;42
1000016236;13500;60
1000016250;26550;46
1000016251;1406.25;46
1000016281;14527.5;82
1000016283;7680;74
1000016291;843.75;41
1000016320;5550;35
1000016327;10830;54
1000016328;2722.5;54
1000016355;22500;52
1000016361;9000;51
1000016377;28125;87
1000016388;3750;57
1000016389;180;57
1000016391;9360;49
1000016400;5437.5;59
1000016413;3000;45
1000016414;360;45
1000016436;7710;35
1000016450;4140;32
1000016457;7800;52
1000016458;3810;52
1000016474;1170;42
1000016484;3315;33
1000016485;3120;30
1000016486;270;30
1000016527;13290;56
1000016536;11362.5;56
1000016537;1687.5;56
1000016548;6007.5;54
1000016604;3600;34
1000016623;11130;40
1000016634;7477.5;35
1000016659;1800;45
1000016665;16560;68
1000016680;9300;84
1000016681;4365;84
1000016705;23400;74
1000016706;4563.75;74
1000016712;2670;38
1000016729;5760;69
1000016736;22237.5;52
1000016745;7650;47
1000016749;3240;38
1000016750;3945;46
1000016791;4215;39
1000016803;630;59
1000016814;5287.5;40
1000016878;1200;37
1000016909;7260;47
1000016910;900;47
1000016914;1800;61
1000016925;1980;43
1000016932;720;57
1000016949;2940;55
1000016961;17422.5;98
1000016962;9630;98
1000016981;11160;40
1000016989;5175;37
1000017003;2325;49
1000017004;4230;49
1000017020;1950;34
1000017025;5640;38
1000017026;945;38
1000017037;6300;30
1000017038;12240;30
1000017046;10050;53
1000017047;5760;53
1000017049;9900;33
1000017054;1650;39
1000017089;18960;53
1000017098;1950;35
1000017099;2745;35
1000017105;4425;43
1000017132;1057.5;44
1000017137;39180;66
1000017151;34410;71
1000017176;5490;60
1000017187;12120;56
1000017198;12825;86
1000017207;6600;46
1000017214;390;67
1000017230;29925;60
1000017244;3000;41
1000017250;12225;78
1000017271;641.25;31
1000017280;1406.25;59
1000017295;4320;80
1000017299;6210;49
1000017320;7800;50
1000017342;1350;43
1000017346;2253.75;45
1000017355;2835;58
1000017365;12210;45
1000017385;5040;31
1000017395;8100;56
1000017421;4890;57
1000017422;405;57
1000017430;3645;50
1000017454;1372.5;56
1000017466;2100;27
1000017474;5520;61
1000017487;1845;42
1000017497;6480;36
1000017498;11550;36
1000017503;6300;71
1000017513;135;71
1000017530;5760;52
1000017531;1687.5;52
1000017537;900;78
1000017543;3300;64
1000017552;21843.75;64
1000017562;1080;51
1000017572;3750;63
1000017573;4680;63
1000017574;2220;46
1000017591;17212.5;63
1000017600;19181.25;61
1000017628;3420;51
1000017641;1440;41
1000017664;675;23
1000017682;3600;54
1000017696;5280;48
1000017714;8040;66
1000017728;3960;35
1000017729;8115;35
1000017753;3900;41
1000017768;9866.25;38
1000017835;3780;43
1000017852;75;60
1000017863;3450;50
1000017868;3270;31
1000017878;1050;69
1000017888;10260;56
1000017914;38055;54
1000017920;11370;61
1000017924;405;42
1000017928;8128.125;54
1000017950;5340;36
1000017953;7485;58
1000018001;7740;31
1000018033;17085;66
1000018034;1710;66
1000018038;8400;58
1000018048;750;62
1000018056;2850;31
1000018057;3180;31
1000018059;1410;31
1000018066;3600;49
1000018069;1350;20
1000018083;3585;35
1000018098;4470;63
1000018109;24556.875;61
1000018127;8760;50
1000018145;46065;65
1000018147;6015;32
1000018165;3877.5;37
1000018179;720;40
1000018187;6120;35
1000018194;660;40
1000018197;6630;37
1000018198;540;37
1000018240;17775;65
1000018288;2310;48
1000018300;1200;37
1000018322;2205;33
1000018336;7590;30
1000018345;20535;41
1000018353;1785;38
1000018376;16560;61
1000018449;4200;66
1000018463;28290;57
1000018505;15510;63
1000018518;720;39
1000018532;9022.5;65
1000018537;3000;27
1000018571;3330;36
1000018593;5610;57
1000018607;4020;59
1000018662;2400;45
1000018663;225;45
1000018667;4890;32
1000018679;3450;61
1000018686;25320;64
1000018695;8692.5;51
1000018712;1080;32
1000018716;5400;39
1000018717;1428.75;39
1000018737;17160;33
1000018738;6120;33
1000018746;5010;46
1000018766;2340;61
1000018779;5775;51
1000018780;2182.5;51
1000018786;5928.75;34
1000018813;1215;43
1000018821;12000;56
1000018846;2100;51
1000018878;6840;49
1000018898;19106.25;62
1000018899;16031.25;62
1000018900;5700;45
1000018911;2940;52
1000018928;14062.5;73
1000018929;3937.5;73
1000018935;2745;75
1000018953;7560;52
1000018959;315;47
1000018966;6495;43
1000018974;3093.75;59
1000018979;7087.5;48
1000018987;28785;61
1000019007;3690;42
1000019014;2280;42
1000019036;36450;54
1000019037;54718.125;54
1000019053;2160;41
1000019067;4110;32
1000019080;1200;49
1000019109;21375;83
1000019114;18255;35
1000019115;4860;35
1000019152;5940;25
1000019161;4942.5;31
1000019171;90;63
1000019181;990;51
1000019187;300;37
1000019200;15975;77
1000019205;2175;41
1000019214;2325;40
1000019259;9000;74
1000019294;2700;33
1000019295;6307.5;33
1000019310;3465;78
1000019324;14820;41
1000019335;20280;78
1000019336;540;78
1000019342;6960;85
1000019362;3900;57
1000019367;6435;75
1000019368;652.5;75
1000019383;12480;47
1000019390;16200;73
1000019408;9900;75
1000019409;3270;75
1000019420;22331.25;73
1000019429;18412.5;65
1000019435;14400;76
1000019465;26820;85
1000019490;810;39
1000019493;2310;36
1000019502;3300;45
1000019503;4380;45
1000019518;25087.5;47
1000019566;1410;43
1000019600;2460;31
1000019608;1980;77
1000019616;5572.5;31
1000019633;5115;56
1000019672;10687.5;42
1000019682;5490;48
1000019702;17100;54
1000019703;7380;54
1000019708;1575;36
1000019727;4440;86
1000019749;1650;83
1000019760;6900;20
1000019761;2070;20
1000019765;5100;40
1000019778;25031.25;63
1000019806;11550;69
1000019822;1080;31
1000019827;22365;59
1000019833;840;37
1000019834;3735;41
1000019835;3000;55
1000019843;720;45
1000019866;3600;44
1000019868;3660;32
1000019878;8040;34
1000019879;90;34
1000019892;3412.5;36
1000019903;44006.25;57
1000019904;3465;57
1000019908;7200;60
1000019916;36667.5;46
1000019924;40331.25;55
1000019925;6626.25;55
1000019930;6855;38
1000019946;9330;39
1000019947;5895;39
1000019963;5640;32
1000019964;2160;32
1000019972;19106.25;75
1000019977;3420;53
1000019988;2400;63
1000019999;885;32
1000020003;9150;61
1000020014;6150;61
1000020023;5400;41
1000020024;900;41
1000020042;2445;74
1000020060;3300;34
1000020095;5375.625;53
1000020109;15945;63
1000020138;7365;45
1000020148;2812.5;49
1000020154;2025;65
1000020171;14673.75;52
1000020178;1395;35
1000020190;450;55
1000020199;2977.5;41
1000020210;8790;49
1000020220;3585;39
1000020231;7545;63
1000020250;1560;64
1000020256;1200;82
1000020280;12765;34
1000020302;1170;40
1000020311;15600;49
1000020327;7500;73
1000020342;11107.5;42
1000020363;1020;51
1000020387;17430;71
1000020410;1080;58
1000020418;5287.5;61
1000020428;3547.5;29
1000020476;24637.5;75
1000020507;1800;46
1000020517;3015;37
1000020520;2002.5;31
1000020526;16920;68
1000020540;405;28
1000020556;3300;39
1000020565;3382.5;37
1000020585;900;54
1000020594;7740;40
1000020605;1305;50
1000020621;225;47
1000020631;3600;52
1000020637;4350;44
1000020676;13020;35
1000020686;12517.5;70
1000020710;8842.5;32
1000020726;19612.5;32
1000020731;8212.5;70
1000020743;720;34
1000020760;2760;60
1000020763;5160;55
1000020764;5805;55
1000020771;150;38
1000020778;5700;66
1000020787;5572.5;51
1000020805;6345;41
1000020812;19687.5;68
1000020845;19410;33
1000020851;240;39
1000020853;4650;60
1000020874;6761.25;35
1000020919;2700;51
1000020923;18978.75;57
1000020930;8430;41
1000020950;9720;71
1000020999;1350;44
1000021031;2700;54
1000021032;855;54
1000021035;1350;38
1000021055;8310;46
1000021056;2587.5;46
1000021062;6600;40
1000021064;4470;35
1000021101;17775;50
1000021112;2572.5;39
1000021158;900;42
1000021167;10050;60
1000021168;7560;60
1000021207;15420;44
1000021239;5760;52
1000021250;8280;52
1000021269;8861.25;70
1000021281;9360;73
1000021295;6502.5;48
1000021310;9600;89
1000021313;9060;51
1000021340;15862.5;47
1000021400;630;40
1000021439;240;47
1000021508;16237.5;54
1000021509;13320;54
1000021517;12120;85
1000021518;900;85
1000021523;13080;56
1000021524;180;34
1000021535;9870;55
1000021553;13890;59
1000021558;4140;47
1000021563;11992.5;39
1000021575;2400;51
1000021576;300;51
1000021590;3701.25;60
1000021602;3600;37
1000021620;2700;50
1000021633;1687.5;60
1000021645;11088.75;47
1000021666;1710;62
1000021684;15997.5;62
1000021696;1350;62
1000021703;10425;61
1000021724;5400;48
1000021728;4740;32
1000021729;2550;32
1000021737;1500;66
1000021754;2520;40
1000021764;67.5;53
1000021794;3360;58
1000021797;1500;36
1000021805;247.5;33
1000021817;67398.75;46
1000021835;360;42
1000021849;2025;44
1000021850;1215;44
1000021869;2445;45
1000021883;2895;35
1000021886;6390;41
1000021894;4672.5;81
1000021904;5190;48
1000021912;26370;67
1000021924;1080;68
1000021938;38379.375;60
1000021953;292.5;64
1000021960;5640;47
1000021983;33168.75;61
1000021994;21618.75;48
1000022003;45603.75;48
1000022011;10080;41
1000022012;2925;41
1000022019;3090;65
1000022064;11280;40
1000022072;9600;57
1000022078;8842.5;37
1000022096;36637.5;74
1000022106;5047.5;47
1000022132;5220;50
1000022142;967.5;34
1000022161;9240;50
1000022189;6727.5;67
1000022204;8715;71
1000022214;6585;79
1000022223;6390;37
1000022224;1312.5;37
1000022235;5985;44
1000022245;15420;44
1000022269;10800;49
1000022285;5400;50
1000022286;5130;50
1000022288;9285;54
1000022294;720;54
1000022307;1080;76
1000022319;0;63
1000022331;8272.5;51
1000022343;5748.75;59
1000022345;1200;40
1000022347;1155;27
1000022360;13800;73
1000022374;1560;38
1000022393;2100;36
1000022400;450;47
1000022406;5017.5;36
1000022414;150;40
1000022421;6360;69
1000022425;75;64
1000022433;19800;65
1000022443;1500;61
1000022453;8145;56
1000022461;11520;46
1000022473;13605;55
1000022508;15521.25;61
1000022513;13321.875;31
1000022521;8160;40
1000022526;4650;40
1000022527;1500;61
1000022543;5842.5;40
1000022557;2415;56
1000022560;495;45
1000022564;2775;55
1000022565;202.5;41
1000022581;3060;38
1000022586;13260;44
1000022608;720;66
1000022614;9660;36
1000022615;7597.5;36
1000022640;7260;35
1000022641;4290;35
1000022645;900;28
1000022649;5670;42
1000022688;8227.5;37
1000022720;225;55
1000022752;7560;38
1000022767;540;65
1000022789;3960;35
1000022790;8805;35
1000022805;32940;73
1000022810;8370;41
1000022826;9982.5;40
1000022827;3870;42
1000022842;15675;61
1000022843;1035;61
1000022849;19912.5;20
1000022854;3870;59
1000022875;7462.5;54
1000022885;810;39
1000022904;11190;42
1000022905;630;42
1000022918;1372.5;34
1000022929;25312.5;20
1000022947;12937.5;38
1000022967;720;42
1000022972;960;58
1000022984;5400;67
1000023021;14790;69
1000023034;1200;38
1000023078;6150;54
1000023122;2137.5;50
1000023129;405;57
1000023147;150;48
1000023187;2812.5;40
1000023194;45180;64
1000023210;17055;47
1000023248;3795;64
1000023266;3375;60
1000023271;3675;43
1000023272;2760;35
1000023278;16485;60
1000023292;4650;40
1000023304;2235;42
1000023312;2130;49
1000023324;300;37
1000023368;20981.25;81
1000023380;11250;37
1000023390;3705;30
1000023399;26550;50
1000023420;2985;51
1000023457;3720;50
1000023458;5460;50
1000023468;1260;37
1000023505;675;65
1000023506;405;65
1000023524;3315;49
1000023530;300;32
1000023540;3075;86
1000023564;24007.5;70
1000023565;4005;70
1000023583;2812.5;54
1000023584;1998.75;54
1000023599;3840;52
1000023600;675;52
1000023606;1800;56
1000023625;14512.5;61
1000023632;3000;33
1000023683;19308.75;63
1000023693;28125;57
1000023694;20058.75;57
1000023722;17700;87
1000023775;18813.75;65
1000023783;2070;39
1000023790;630;36
1000023801;20806.875;75
1000023819;4275;59
1000023820;1755;59
1000023821;1650;34
1000023835;3585;68
1000023858;3600;46
1000023859;450;46
1000023878;675;60
1000023904;2100;52
1000023908;600;52
1000023929;6960;38
1000023945;4200;56
1000023946;4350;56
1000023950;3030;35
1000023960;4680;42
1000023967;180;34
1000023980;7965;41
1000023981;2137.5;41
1000023982;1110;40
1000023992;2595;41
1000024002;3858.75;63
1000024018;22470;46
1000024038;6600;56
1000024044;3060;57
1000024094;13500;53
1000024095;16395;53
1000024112;2025;60
1000024121;9210;52
1000024127;6600;36
1000024128;720;36
1000024168;12870;39
1000024195;10503.75;61
1000024220;6000;45
1000024246;3900;36
1000024266;9420;51
1000024275;1590;57
1000024276;7200;57
1000024310;1425;53
1000024387;18000;91
1000024398;4687.5;37
1000024407;6000;58
1000024421;23161.875;72
1000024434;6750;77
1000024435;13027.5;77
1000024441;25155;49
1000024452;8520;32
1000024462;885;61
1000024473;2865;45
1000024499;24438.75;79
1000024523;16526.25;64
1000024534;3720;59
1000024543;240;63
1000024578;12000;45
1000024610;8326.875;48
1000024623;4800;49
1000024625;495;40
1000024632;16470;47
1000024633;990;35
1000024638;3960;58
1000024675;5400;80
1000024693;2100;36
1000024699;6862.5;58
1000024700;1406.25;58
1000024708;11250;50
1000024712;4200;57
1000024723;1260;45
1000024728;3000;41
1000024733;630;54
1000024742;3000;48
1000024753;17295;49
1000024767;14452.5;68
1000024795;3000;89
1000024798;180;30
1000024810;5625;44
1000024811;540;44
1000024818;4218.75;88
1000025017;13095;53
1000025034;6097.5;50
1000025067;4275;69
1000025068;1530;69
1000025091;6600;27
1000025092;4320;27
1000025099;6817.5;41
1000025111;19762.5;64
1000025124;720;38
1000025133;34762.5;71
1000025134;15581.25;71
1000025136;450;41
1000025137;180;41
1000025145;4500;85
1000025146;900;85
1000025147;11400;53
1000025152;3397.5;44
1000025164;1980;37
1000025188;7320;42
1000025189;3825;42
1000025235;1350;52
1000025247;23325;51
1000025269;750;83
1000025292;18150;50
1000025293;17381.25;50
1000025361;9720;70
1000025392;3000;76
1000025457;1087.5;31
1000025459;225;37
1000025469;3975;58
1000025470;2850;58
1000025479;7770;67
1000025495;3390;38
1000025609;2340;53
1000025617;8437.5;56
1000025618;1350;56
1000025645;120;22
1000025655;120;21
1000025658;120;22
1000025660;720;33
1000025672;9675;55
1000025681;4290;62
1000025686;135;19
1000025699;270;36
1000025704;67.5;23
1000025706;660;34
1000025707;300;31
1000025726;2280;44
1000025737;720;33
1000025739;270;51
1000025740;17062.5;39
1000025746;3937.5;52
1000025747;11400;52
1000025755;360;28
1000025756;16800;27
1000025757;600;27
1000025758;787.5;50
1000025759;180;38
1000025767;2812.5;66
1000025776;180;39
1000025779;1620;23
1000025780;1305;22
1000025781;1215;60
1000025782;382.5;24
1000025786;1920;33
1000025791;405;34
1000025796;405;28
1000025797;1260;27
1000025799;900;43
1000025802;8310;37
1000025803;525;27
1000025805;540;35
1000025807;487.5;24
1000025809;1320;24
1000025817;768.75;30
1000025818;590.625;30
1000025819;262.5;48
1000025820;2520;31
1000025823;877.5;20
1000025825;2220;35
1000025826;900;38
1000025827;4140;35
1000025828;787.5;28
1000025829;1237.5;19
1000025830;1372.5;30
1000025831;675;67
1000025833;495;37
1000025836;112.5;21
1000025839;1080;27
1000025842;360;33
1000025844;225;37
1000025848;1980;28
1000025849;5175;29
1000025852;225;31
1000025854;225;39
1000025857;765;37
1000025858;450;47
1000025859;630;21
1000025860;2902.5;31
1000025863;675;29
1000025868;292.5;19
1000025869;1395;26
1000025870;405;21
1000025900;360;24
1000025907;855;25
1000025908;502.5;19
1000025930;180;28
1000025934;1170;36
1000025938;1012.5;45
1000025939;1530;68
1000025940;427.5;20
1000025941;697.5;25
1000025942;315;19
1000025943;1890;34
1000025944;900;32
1000025945;405;19
1000025948;2625;45
1000025949;1106.25;28
1000025950;405;28
1000025954;1350;36
1000025963;1620;41
1000025970;2040;52
1000025971;1350;49
1000025972;3015;22
1000025973;300;23
1000025975;1530;35
1000025979;1102.5;23
1000025980;1057.5;21
1000025981;1170;38
1000025982;855;77
1000025983;2820;48
1000025985;5790;56
1000025990;112.5;22
1000025991;4200;38
1000025992;675;71
1000025994;495;17
1000025998;4650;45
1000026003;663.75;19
1000026004;663.75;18
1000026005;427.5;23
1000026006;1080;20
1000026009;225;36
1000026011;450;22
1000026012;990;19
1000026016;450;50
1000026018;337.5;18
1000026021;1935;23
1000026023;1878.75;23
1000026024;825;20
1000026025;2700;24
1000026037;53017.5;62
1000026053;67.5;22
1000026054;135;24
1000026055;450;20
1000026064;45;23
1000026077;517.5;21
1000026084;112.5;23
1000026086;67.5;22
1000026089;780;21
1000026090;240;19
1000026095;210;22
1000026102;300;28
1000026109;300;39
1000026110;2238.75;33
1000026111;618.75;24
1000026129;675;27
1000026130;262.5;24
1000026131;1102.5;24
1000026132;1410;33
1000026141;11325;61
1000026147;300;30
1000026149;2737.5;34
1000026152;990;24
1000026154;877.5;17
1000026163;6300;37
1000026164;1575;29
1000026178;14512.5;65
1000026182;540;16
1000026184;427.5;19
1000026204;5280;56
1000026207;262.5;30
1000026208;525;30
1000026213;5100;46
1000026215;975;25
1000026219;225;23
1000026229;10537.5;60
1000026230;930;60
1000026231;1612.5;29
1000026259;540;23
1000026260;240;56
1000026267;300;35
1000026286;2175;38
1000026292;15600;57
1000026305;1440;59
1000026315;22732.5;49
1000026318;495;22
1000026319;2437.5;36
1000026320;525;29
1000026321;0;41
1000026331;13083.75;64
1000026337;6975;39
1000026351;375;32
1000026353;2475;53
1000026354;750;32
1000026356;236.25;25
1000026357;225;24
1000026366;225;35
1000026367;618.75;27
1000026368;337.5;27
1000026370;1425;47
1000026374;11381.25;44
1000026376;1237.5;38
1000026377;1050;29
1000026379;750;25
1000026380;1575;33
1000026381;262.5;31
1000026382;525;32
1000026383;225;22
1000026384;262.5;24
1000026385;562.5;46
1000026386;562.5;28
1000026388;862.5;37
1000026389;1050;47
1000026391;787.5;31
1000026393;1518.75;32
1000026394;3450;44
1000026398;825;26
1000026401;1050;24
1000026402;1275;42
1000026409;1537.5;27
1000026412;405;26
1000026444;1080;40
1000026465;23370;64
1000026474;510;40
1000026504;337.5;58
1000026538;1200;38
1000026547;75;25
1000026571;540;61
1000026576;1020;21
1000026579;4740;43
1000026589;9787.5;50
1000026592;1800;43
1000026596;652.5;20
1000026603;2580;40
1000026613;3127.5;47
1000026618;990;51
1000026625;3960;43
1000026629;7260;54
1000026631;3060;29
1000026632;540;23
1000026645;9420;71
1000026646;9765;71
1000026652;360;23
1000026658;7537.5;62
1000026672;17280;42
1000026673;2655;42
1000026685;7080;42
1000026694;50865;66
1000026726;540;61
1000026730;1080;42
1000026762;3513.75;24
1000026765;180;36
1000026772;2220;78
1000026773;315;30
1000026775;5276.25;55
1000026784;960;34
1000026786;3240;75
1000026788;738.75;24
1000026789;10890;53
1000026795;3540;30
1000026804;135;24
1000026812;56.25;21
1000026818;2325;21
1000026841;2910;38
1000026845;4425;9
1000026846;720;33
1000026847;1800;27
1000026849;10350;64
1000026871;13481.25;90
1000026878;4470;37
1000026885;16312.5;65
1000026899;2400;34
1000026900;1260;34
1000026906;8437.5;40
1000026959;1980;47
1000026967;1350;64
1000026970;1350;42
1000026971;2565;42
1000026972;5340;27
1000026975;3112.5;29
1000026988;1125;22
1000026994;15840;56
1000026999;10980;67
1000027000;3390;67
1000027003;1950;44
1000027004;1965;44
1000027006;157.5;21
1000027074;360;59
1000027098;911.25;20
1000027109;3000;60
1000027140;4095;59
1000027146;540;25
1000027152;1012.5;22
1000027156;337.5;26
1000027158;495;21
1000027159;5640;68
1000027162;742.5;28
1000027165;157.5;24
1000027170;1800;44
1000027172;540;73
1000027183;12180;56
1000027185;630;25
1000027187;1305;29
1000027188;1957.5;26
1000027189;3600;35
1000027194;3825;39
1000027195;13860;28
1000027199;3420;43
1000027200;2520;31
1000027201;1035;28
1000027204;1008.75;24
1000027207;2610;34
1000027211;2085;66
1000027221;600;20
1000027226;3022.5;19
1000027229;236.25;22
1000027230;348.75;24
1000027235;1260;33
1000027241;2137.5;25
1000027246;1957.5;51
1000027257;9105;36
1000027261;120;53
1000027262;4740;37
1000027263;1867.5;26
1000027264;600;22
1000027267;2370;20
1000027269;10140;38
1000027270;1440;33
1000027271;1440;29
1000027275;150;28
1000027279;9330;65
1000027285;1980;39
1000027326;4245;35
1000027328;1620;26
1000027330;900;35
1000027355;14343.75;82
1000027356;270;82
1000027367;1275;23
1000027376;11190;67
1000027377;5850;67
1000027378;2437.5;29
1000027379;11520;46
1000027380;600;41
1000027381;150;22
1000027383;345;21
1000027384;1080;33
1000027385;345;22
1000027386;4012.5;38
1000027390;750;23
1000027391;690;40
1000027392;990;25
1000027394;510;21
1000027395;5160;30
1000027397;540;18
1000027401;6360;54
1000027406;1890;22
1000027429;3600;57
1000027445;5190;57
1000027448;6990;39
1000027449;2490;23
1000027450;3765;32
1000027451;517.5;22
1000027452;1800;35
1000027453;1170;31
1000027454;2002.5;25
1000027457;3120;26
1000027458;405;32
1000027459;10012.5;38
1000027460;2835;24
1000027462;3652.5;22
1000027468;9810;49
1000027470;1620;22
1000027471;4470;45
1000027472;960;21
1000027488;8212.5;68
1000027489;180;68
1000027490;712.5;22
1000027495;1620;22
1000027496;675;19
1000027501;3210;54
1000027502;15093.75;50
1000027503;3285;69
1000027508;240;31
1000027509;1050;20
1000027510;11685;42
1000027511;225;26
1000027515;25200;88
1000027525;7087.5;85
1000027526;4672.5;34
1000027528;16650;50
1000027530;5130;34
1000027533;836.25;23
1000027535;420;20
1000027548;15510;75
1000027550;420;31
1000027551;1500;31
1000027552;6720;35
1000027553;8310;29
1000027554;1125;25
1000027555;675;34
1000027556;5235;33
1000027564;10125;53
1000027565;12742.5;22
1000027569;6120;61
1000027586;30740.625;73
1000027593;4200;68
1000027602;37687.5;77
1000027603;1380;57
1000027605;8085;47
1000027612;19380;51
1000027625;25818.75;78
1000027630;1620;29
1000027633;1290;23
1000027634;1755;42
1000027638;3360;20
1000027640;1830;21
1000027641;2160;36
1000027642;1755;22
1000027643;1320;21
1000027653;38850;76
1000027654;3465;76
1000027669;2040;58
1000027682;19620;52
1000027683;2482.5;22
1000027692;1080;31
1000027693;7080;32
1000027698;2100;40
1000027699;10560;56
1000027701;7380;38
1000027703;2182.5;23
1000027705;7372.5;63
1000027707;7200;87
1000027709;13560;46
1000027711;8400;69
1000027719;990;25
1000027734;7875;90
1000027742;23943.75;46
1000027748;9840;49
1000027761;4560;37
1000027764;1080;70
1000027767;1590;24
1000027768;247.5;21
1000027771;1485;30
1000027772;6285;30
1000027773;3570;25
1000027778;1890;39
1000027790;90;10
1000027800;1080;57
1000027805;540;57
1000027836;900;30
1000027839;180;33
1000027843;2970;24
1000027845;1650;33
1000027846;3000;33
1000027852;540;35
1000027866;5298.75;21
1000027868;641.25;23
1000027873;2422.5;22
1000027879;7380;44
1000027889;1020;21
1000027925;5760;40
1000027928;330;24
1000027929;660;47
1000027930;660;41
1000027932;2527.5;35
1000027939;3067.5;26
1000027940;5175;32
1000027941;652.5;30
1000027944;16500;32
1000027946;1200;22
1000027950;21000;60
1000027954;405;33
1000027964;382.5;17
1000027984;3225;40
1000027987;5580;42
1000027993;9330;35
1000027996;1080;29
1000027998;427.5;38
1000027999;540;32
1000028002;540;30
1000028005;600;37
1000028012;26756.25;66
1000028033;2355;26
1000028038;1725;26
1000028047;9300;45
1000028055;9562.5;46
1000028092;5940;32
1000028093;300;49
1000028101;3000;55
1000028111;3495;46
1000028124;3030;49
1000028131;3210;41
1000028133;2902.5;42
1000028140;4500;66
1000028141;1800;66
1000028146;3600;31
1000028147;10245;30
1000028150;14250;28
1000028152;1020;30
1000028155;19365;28
1000028156;1290;27
1000028163;2340;36
1000028164;12600;58
1000028169;2565;17
1000028170;1800;68
1000028174;225;19
1000028178;10095;61
1000028277;1620;68
1000028491;3435;59
1000028522;540;60
1000028607;476.25;66
1000028637;5640;62
1000028644;1080;59
1000028808;1500;60
1000028844;480;22
1000028849;675;22
1000028854;1620;41
1000028864;1125;33
1000028865;1845;27
1000028866;630;31
1000028870;900;40
1000028874;975;23
1000028880;8100;44
1000028883;675;22
1000028886;2932.5;25
1000028890;2853.75;20
1000028902;2482.5;66
1000028904;3930;47
1000028911;11857.5;35
1000028913;9720;32
1000028915;6840;50
1000028919;255;23
1000028920;1080;52
1000028926;2250;64
1000028935;18337.5;85
1000028946;435;23
1000028953;75;23
1000028958;1560;25
1000028959;1867.5;24
1000028967;360;22
1000028971;247.5;22
1000028974;2670;20
1000028976;75;24
1000028978;67.5;24
1000028980;1260;25
1000028981;525;20
1000028986;120;21
1000028987;60;21
1000028993;225;22
1000028995;1335;21
1000028996;810;23
1000029001;450;24
1000029003;270;21
1000029010;247.5;22
1000029012;240;22
1000029013;75;24
1000029014;555;23
1000029016;1560;21
1000029021;4020;35
1000029022;6765;52
1000029029;11670;49
1000029050;570;32
1000029051;12840;43
1000029053;2715;24
1000029055;2250;26
1000029057;225;29
1000029059;360;28
1000029063;20805;51
1000029071;1500;73
1000029072;2700;53
1000029075;960;35
1000029085;21165;80
1000029090;1650;25
1000029091;17775;44
1000029093;7140;59
1000029107;23160;49
1000029111;180;28
1000029112;630;27
1000029113;3420;28
1000029114;1005;30
1000029117;720;53
1000029124;570;24
1000029125;90;25
1000029133;1530;20
1000029135;3000;32
1000029150;660;32
1000029151;1290;27
1000029152;1020;34
1000029163;195;25
1000029167;450;22
1000029171;2250;39
1000029178;35231.25;46
1000029183;3900;44
1000029188;630;40
1000029191;1522.5;23
1000029196;1200;44
1000029198;675;20
1000029202;5775;33
1000029203;2302.5;26
1000029205;17640;26
1000029207;6240;29
1000029209;1215;26
1000029210;10020;41
1000029211;900;29
1000029212;1380;26
1000029214;7320;25
1000029215;2160;29
1000029216;4717.5;25
1000029217;3000;27
1000029221;180;50
1000029222;2385;39
1000029223;4740;33
1000029224;2760;60
1000029225;1110;23
1000029226;1530;24
1000029227;1080;27
1000029228;20400;92
1000029231;4762.5;34
1000029232;3300;46
1000029237;6900;57
1000029238;810;22
1000029239;720;23
1000029240;120;21
1000029245;2486.25;27
1000029246;1080;37
1000029247;180;37
1000029249;4297.5;25
1000029250;360;25
1000029255;810;24
1000029258;810;23
1000029261;10305;22
1000029266;270;22
1000029267;1852.5;23
1000029269;5400;28
1000029271;817.5;22
1000029285;510;23
1000029290;10260;54
1000029295;900;21
1000029296;5700;34
1000029300;1350;47
1000029303;1800;23
1000029306;18480;41
1000029308;4545;51
1000029312;660;31
1000029316;1905;30
1000029317;10395;30
1000029319;4950;28
1000029322;4230;21
1000029323;2887.5;21
1000029332;37672.5;26
1000029333;3180;23
1000029334;5145;39
1000029335;1687.5;20
1000029336;8085;36
1000029344;1005;27
1000029345;900;31
1000029348;1680;56
1000029350;300;25
1000029351;2047.5;24
1000029353;6772.5;22
1000029362;360;20
1000029363;2595;29
1000029371;480;24
1000029372;675;24
1000029374;2700;44
1000029377;1650;31
1000029387;4650;23
1000029388;3082.5;52
1000029393;5400;39
1000029396;150;36
1000029397;2100;32
1000029401;450;24
1000029403;1200;37
1000029404;817.5;26
1000029411;1095;27
1000029412;3180;34
1000029413;2085;46
1000029414;1177.5;22
1000029415;450;24
1000029416;4920;32
1000029417;11145;46
1000029418;3240;27
1000029420;1080;26
1000029421;735;26
1000029422;536.25;23
1000029423;2325;23
1000029424;1275;24
1000029425;240;25
1000029426;675;34
1000029427;1950;34
1000029430;900;19
1000029434;3382.5;19
1000029435;90;19
1000029436;885;29
1000029437;360;22
1000029438;1170;21
1000029441;1260;73
1000029442;1260;71
1000029444;270;26
1000029446;2730;21
1000029447;3000;52
1000029448;90;23
1000029449;1410;21
1000029454;1440;29
1000029456;600;29
1000029460;2160;42
1000029467;3660;37
1000029470;5400;37
1000029471;4350;37
1000029472;3690;27
1000029473;611.25;23
1000029475;3420;33
1000029477;150;30
1000029479;2370;45
1000029480;1200;32
1000029481;3180;70
1000029484;1815;25
1000029485;4005;46
1000029486;1860;25
1000029487;26280;41
1000029490;1320;22
1000029491;450;21
1000029492;1395;76
1000029494;1005;23
1000029495;60;22
1000029498;1650;43
1000029501;765;22
1000029502;877.5;26
1000029504;1642.5;18
1000029505;900;20
1000029506;1012.5;20
1000029507;450;51
1000029510;2557.5;25
1000029511;750;67
1000029514;14610;26
1000029515;1350;26
1000029516;3382.5;24
1000029528;2640;31
1000029530;1417.5;28
1000029537;4950;48
1000029538;1312.5;24
1000029539;225;24
1000029540;1657.5;24
1000029541;1095;21
1000029543;5100;71
1000029544;1920;71
1000029545;675;23
1000029546;3720;23
1000029550;1665;24
1000029551;945;24
1000029553;2250;23
1000029559;930;70
1000029563;975;26
1000029566;1020;26
1000029567;15390;49
1000029568;495;49
1000029572;281.25;23
1000029573;720;19
1000029574;180;23
1000029577;930;24
1000029580;4470;30
1000029583;630;26
1000029584;4860;35
1000029585;1215;25
1000029589;1995;23
1000029590;2760;33
1000029596;450;30
1000029597;1680;31
1000029602;4890;36
1000029603;810;26
1000029604;8160;40
1000029606;525;21
1000029607;1440;54
1000029608;2160;54
1000029609;2448.75;22
1000029611;1470;29
1000029612;14430;29
1000029615;765;22
1000029616;120;24
1000029617;3360;29
1000029621;712.5;23
1000029622;330;21
1000029625;1222.5;25
1000029626;1935;22
1000029627;1822.5;22
1000029636;13020;48
1000029637;180;48
1000029644;9525;51
1000029660;1485;31
1000029661;4950;23
1000029691;2700;2
1000029707;3000;2
1000029749;10875;79
1000029786;1950;46
1000029808;1140;2
1000029839;975;24
1000029847;7485;26
1000029850;4113.75;23
1000029852;300;32
1000029856;900;29
1000029868;2100;86
1000029888;10423.125;67
1000029904;16762.5;70
1000029910;4365;70
1000029911;3540;33
1000029912;750;33
1000029918;1200;31
1000029920;600;41
1000029922;5730;37
1000029923;2467.5;37
1000029930;2531.25;69
1000029954;12000;73
1000029963;7350;55
1000029987;24030;61
1000030003;360;49
1000030008;17385;28
1000030009;4357.5;28
1000030014;540;31
1000030017;14212.5;76
1000030026;5062.5;76
1000030027;360;27
1000030029;360;23
1000030040;5550;75
1000030055;9202.5;69
1000030075;4290;27
1000030076;2430;27
1000030084;3750;35
1000030100;630;56
1000030107;2280;24
1000030114;5287.5;48
1000030120;3000;49
1000030125;6840;23
1000030126;1065;23
1000030131;6360;52
1000030132;2400;61
1000030138;3240;41
1000030143;405;22
1000030147;7185;36
1000030150;900;25
1000030160;900;32
1000030161;1050;32
1000030163;510;19
1000030164;360;20
1000030169;10560;48
1000030170;4672.5;41
1000030171;960;41
1000030172;480;26
1000030177;15960;39
1000030178;9660;42
1000030181;900;33
1000030188;2820;28
1000030190;2880;18
1000030194;4560;65
1000030199;225;26
1000030202;795;22
1000030204;23865;61
1000030206;1200;48
1000030208;33525;44
1000030218;5940;38
1000030219;930;38
1000030228;3600;83
1000030229;4140;52
1000030230;4485;52
1000030234;900;57
1000030243;1200;26
1000030248;3750;43
1000030249;960;43
1000030250;6000;46
1000030252;2250;27
1000030253;540;38
1000030256;2250;70
1000030258;300;27
1000030262;21405;46
1000030263;2640;46
1000030271;4470;24
1000030273;405;23
1000030276;510;22
1000030277;382.5;22
1000030282;10687.5;53
1000030293;29306.25;74
1000030313;540;32
1000030316;3300;28
1000030317;8250;28
1000030319;660;29
1000030320;270;26
1000030321;1050;26
1000030322;4080;47
1000030324;330;30
1000030325;1102.5;30
1000030326;600;34
1000030332;6735;25
1000030333;5640;25
1000030342;1290;23
1000030357;12457.5;69
1000030402;13200;49
1000030403;180;49
1000030404;5400;40
1000030405;2475;40
1000030406;2040;37
1000030407;1665;21
1000030408;472.5;21
1000030413;960;18
1000030416;1800;32
1000030419;510;23
1000030420;292.5;23
1000030422;3000;47
1000030424;3225;37
1000030427;1777.5;33
1000030432;540;30
1000030433;3060;44
1000030434;1440;44
1000030438;120;26
1000030442;1800;29
1000030443;1380;29
1000030455;44775;60
1000030459;315;27
1000030462;3600;55
1000030466;6000;45
1000030468;3270;50
1000030471;1350;41
1000030481;337.5;48
1000030487;3150;39
1000030488;1890;39
1000030510;2973.75;24
1000030514;1500;39
1000030516;30;23
1000030520;660;27
1000030521;2610;27
1000030523;3780;31
1000030524;5220;54
1000030525;5700;54
1000030533;1530;22
1000030535;382.5;22
1000030537;540;25
1000030538;1080;35
1000030540;570;20
1000030541;1886.25;20
1000030543;5040;35
1000030544;3772.5;35
1000030556;105;26
1000030560;168.75;25
1000030565;270;24
1000030567;101.25;34
1000030573;4200;37
1000030574;1170;37
1000030576;1560;23
1000030583;540;30
1000030586;375;25
1000030588;3435;22
1000030589;742.5;22
1000030592;405;33
1000030604;1095;22
1000030605;1192.5;22
1000030606;2400;26
1000030610;2415;32
1000030616;1200;39
1000030617;10710;39
1000030621;930;24
1000030622;1125;24
1000030631;1140;56
1000030638;3165;47
1000030648;1500;45
1000030649;450;45
1000030660;30;25
1000030662;1275;23
1000030663;1200;40
1000030664;1800;40
1000030665;1320;32
1000030666;2100;37
1000030667;1440;35
1000030668;4980;27
1000030669;1428.75;27
1000030671;6780;59
1000030684;570;24
1000030685;3900;64
1000030691;1365;27
1000030692;420;25
1000030693;405;25
1000030695;1575;18
1000030697;8250;60
1000030698;5355;60
1000030699;2805;22
1000030700;6600;41
1000030701;10080;41
1000030702;1530;17
1000030703;787.5;17
1000030706;7920;46
1000030708;7005;53
1000030717;9270;22
1000030718;2595;22
1000030719;2475;22
1000030732;750;40
1000030736;720;29
1000030749;495;24
1000030757;15420;55
1000030758;8548.125;55
1000030759;7320;63
1000030760;2100;63
1000030761;3360;35
1000030762;8336.25;35
1000030773;915;18
1000030778;9000;78
1000030784;1320;37
1000030789;4860;21
1000030792;697.5;25
1000030797;3240;35
1000030798;600;33
1000030799;3667.5;33
1000030803;135;37
1000030807;630;30
1000030816;1350;52
1000030831;900;25
1000030837;8775;51
1000030840;405;28
1000030847;1687.5;56
1000030861;12592.5;62
1000030881;3600;64
1000030888;3705;25
1000030903;2220;46
1000030910;5520;36
1000030918;7800;66
1000030925;3930;41
1000030930;79301.25;70
1000030940;2812.5;79
1000030951;8906.25;54
1000030965;23625;40
1000030990;19391.25;64
1000031011;5542.5;67
1000031045;8115;54
1000031074;1087.5;25
1000031076;870;36
1000031079;420;28
1000031080;4432.5;28
1000031084;600;27
1000031091;960;28
1000031092;12157.5;28
1000031101;7560;79
1000031102;2445;79
1000031105;1050;24
1000031115;4860;80
1000031120;10125;60
1000031128;4218.75;42
1000031149;7200;69
1000031150;225;69
1000031155;16200;69
1000031172;2235;29
1000031174;2437.5;29
1000031176;1230;30
1000031200;9082.5;75
1000031210;21457.5;84
1000031211;8861.25;84
1000031220;8820;88
1000031221;7410;88
1000031224;8280;39
1000031226;600;71
1000031236;13980;82
1000031237;2985;82
1000031252;405;23
1000031260;2970;74
1000031269;5400;41
1000031273;1687.5;60
1000031285;6502.5;65
1000031315;19612.5;49
1000031316;14608.125;49
1000031326;6000;55
1000031332;10020;30
1000031351;2280;35
1000031358;21000;52
1000031367;3765;38
1000031368;5201.25;38
1000031387;22537.5;60
1000031394;4650;44
1000031425;7976.25;42
1000031429;405;24
1000031436;7140;52
1000031441;8850;38
1000031444;8400;29
1000031455;7560;77
1000031535;13320;74
1000031554;12705;66
1000031569;19972.5;94
1000031577;1080;65
1000031589;7035;54
1000031592;840;30
1000031599;14400;67
1000031607;1050;50
1000031625;13612.5;53
1000031626;6630;53
1000031657;2193.75;64
1000031662;11366.25;32
1000031668;900;43
1000031700;10920;61
1000031726;18506.25;79
1000031729;562.5;30
1000031749;6660;27
1000031770;1260;51
1000031773;10237.5;75
1000031792;1477.5;37
1000031846;10785;49
1000031856;8636.25;66
1000031867;675;21
1000031873;510;74
1000031900;1800;68
1000031914;14160;55
1000031928;12960;67
1000031938;18180;77
1000031945;5955;47
1000031947;1500;24
1000031949;281.25;23
1000031980;3780;65
1000031985;4275;77
1000031993;24356.25;77
1000032009;9615;48
1000032065;3375;63
1000032090;5250;89
1000032091;202.5;89
1000032095;12480;62
1000032103;23580;72
1000032118;2100;59
1000032119;1440;59
1000032134;360;62
1000032157;7481.25;74
1000032172;2418.75;72
1000032185;21375;81
1000032191;1575;17
1000032193;1035;13
1000032203;4321.875;72
1000032215;4980;42
1000032216;6225;42
1000032218;720;54
1000032252;9045;72
1000032266;13575;76
1000032281;10125;50
1000032311;18420;54
1000032317;2820;40
1000032324;6697.5;73
1000032340;6585;68
1000032341;6150;68
1000032361;18562.5;64
1000032370;12600;84
1000032386;8670;67
1000032396;17100;50
1000032408;4331.25;58
1000032415;990;44
1000032428;21896.25;63
1000032435;7020;71
1000032449;19968.75;71
1000032450;24386.25;71
1000032466;13185;55
1000032484;7500;88
1000032490;300;74
1000032501;33922.5;60
1000032518;20160;44
1000032525;13668.75;62
1000032535;44921.25;57
1000032549;2745;28
1000032552;150;22
1000032555;4777.5;50
1000032558;6390;38
1000032567;4200;80
1000032568;1980;80
1000032577;4065;81
1000032592;4200;68
1000032601;855;58
1000032609;3765;29
1000032651;1740;22
1000032655;2850;53
1000032667;3465;75
1000032672;4245;41
1000032676;2670;40
1000032679;3030;56
1000032688;6450;30
1000032695;292.5;25
1000032697;12240;39
1000032710;300;53
1000032714;5370;29
1000032724;3577.5;52
1000032726;1170;25
1000032736;240;23
1000032738;14235;43
1000032741;150;68
1000032743;11973.75;76
1000032748;1260;22
1000032759;2835;56
1000032772;1635;23
1000032777;3390;28
1000032789;1080;26
1000032811;1777.5;43
1000032817;1380;49
1000032834;660;66
1000032881;855;20
1000032922;8017.5;33
1000032930;4875;41
1000032940;5430;24
1000032941;3300;24
1000032943;5422.5;35
1000032944;17370;57
1000032955;450;22
1000032957;12540;51
1000032981;247.5;22
1000032995;1050;30
1000033003;3367.5;23
1000033014;907.5;24
1000033025;3202.5;23
1000033030;975;37
1000033035;352.5;22
1000033037;840;22
1000033042;945;23
1000033047;8587.5;22
1000033049;1762.5;71
1000033057;2077.5;18
1000033070;2115;23
1000033097;1440;27
1000033100;1440;29
1000033101;1575;29
1000033104;2400;31
1000033105;0;31
1000033107;5310;28
1000033108;1740;28
1000033110;3510;24
1000033121;4050;51
1000033135;1920;29
1000033142;3960;71
1000033144;750;71
1000033152;390;24
1000033165;1260;28
1000033172;480;26
1000033183;900;44
1000033189;1125;55
1000033190;956.25;55
1000033212;4350;42
1000033216;12487.5;39
1000033217;10222.5;39
1000033219;24960;53
1000033233;1620;22
1000033240;1432.5;29
1000033242;1500;29
1000033273;16410;49
1000033283;4275;47
1000033314;7560;39
1000033316;18000;57
1000033320;16500;55
1000033321;4170;55
1000033323;2880;40
1000033337;3300;63
1000033342;4875;53
1000033344;1530;53
1000033359;15000;38
1000033367;5505;34
1000033373;690;38
1000033376;20025;99
1000033379;5962.5;70
1000033385;8850;50
1000033386;2250;50
1000033387;8490;36
1000033399;1038.75;23
1000033406;4908.75;52
1000033408;225;48
1000033410;12150;48
1000033412;13500;42
1000033413;1687.5;42
1000033419;8212.5;33
1000033432;8160;63
1000033433;5310;63
1000033437;90;23
1000033443;1380;32
1000033444;1830;48
1000033451;90;16
1000033454;1620;52
1000033455;4080;52
1000033458;1057.5;46
1000033460;4200;46
1000033468;6840;39
1000033472;10080;52
1000033483;90;24
1000033505;2167.5;30
1000033507;2490;30
1000033514;5062.5;47
1000033515;6000;47
1000033518;10800;51
1000033519;6300;51
1000033521;2531.25;72
1000033525;3195;33
1000033555;71613.75;53
1000033575;2970;33
1000033584;11430;25
1000033585;2460;25
1000033589;4200;31
1000033604;300;17
1000033606;5520;53
1000033610;2400;26
1000033625;2700;54
1000033629;4560;53
1000033642;600;46
1000033643;7050;46
1000033651;600;40
1000033652;1200;40
1000033667;1012.5;33
1000033707;3600;55
1000033718;29190;29
1000033719;540;29
1000033730;17850;50
1000033731;35700;50
1000033734;2775;34
1000033751;3735;27
1000033752;675;27
1000033761;720;25
1000033777;3000;56
1000033778;540;56
1000033784;4830;23
1000033794;5850;60
1000033795;4020;60
1000033806;1995;24
1000033815;2505;24
1000033823;2272.5;26
1000033827;1650;45
1000033838;960;31
1000033847;8437.5;56
1000033852;14640;34
1000033853;360;34
1000033858;5400;33
1000033865;2700;44
1000033866;6735;44
1000033876;9930;61
1000033879;450;35
1000033880;1560;35
1000033894;2520;49
1000033897;5280;64
1000033902;240;26
1000033903;2497.5;54
1000033916;3255;28
1000033925;1080;31
1000033939;8400;44
1000033944;630;23
1000033947;3600;52
1000033952;1890;22
1000033953;2077.5;22
1000033959;8700;61
1000033960;5430;61
1000033965;1275;38
1000033984;10860;53
1000033985;720;53
1000033993;6000;44
1000034000;15525;36
1000034004;13800;44
1000034005;5880;44
1000034014;540;14
1000034025;3780;44
1000034030;525;46
1000034042;2100;26
1000034057;2115;34
1000034060;840;38
1000034062;2400;42
1000034065;4507.5;36
1000034070;7920;45
1000034087;720;37
1000034091;1980;29
1000034101;1890;29
1000034102;990;27
1000034136;4590;48
1000034139;6570;43
1000034161;1740;28
1000034172;547.5;24
1000034195;2175;48
1000034196;270;48
1000034271;2790;61
1000034292;660;23
1000034307;3442.5;37
1000034318;6720;34
1000034320;7680;70
1000034321;450;70
1000034328;1425;29
1000034362;1440;26
1000034376;2340;24
1000034384;12843.75;69
1000034400;3990;72
1000034441;900;44
1000034442;2670;44
1000034445;5190;37
1000034455;5055;27
1000034458;5332.5;29
1000034464;3120;21
1000034469;4860;60
1000034471;2040;26
1000034477;18000;74
1000034487;3142.5;24
1000034499;360;37
1000034516;14700;37
1000034523;12600;42
1000034525;690;19
1000034532;11835;42
1000034543;1200;29
1000034552;3915;19
1000034553;420;25
1000034559;7290;79
1000034564;16395;42
1000034566;1530;60
1000034576;240;26
1000034577;7995;40
1000034582;11760;48
1000034585;3720;49
1000034589;7087.5;66
1000034593;1181.25;33
1000034595;11272.5;38
1000034605;135;66
1000034607;1005;38
1000034610;180;41
1000034611;1110;41
1000034612;1916.25;47
1000034616;3345;69
1000034617;4038.75;45
1000034618;4650;52
1000034619;14520;48
1000034623;10500;72
1000034626;2287.5;27
1000034637;4245;78
1000034640;3060;36
1000034645;802.5;32
1000034654;1530;86
1000034662;23711.25;57
1000034666;6720;35
1000034667;9090;29
1000034668;9420;31
1000034672;8936.25;67
1000034682;5160;25
1000034695;810;41
1000034699;3729.375;63
1000034701;14070;35
1000034705;1620;31
1000034713;6870;37
1000034715;6000;46
1000034720;8760;56
1000034722;1620;25
1000034724;6060;61
1000034727;7177.5;68
1000034729;1050;53
1000034730;1800;31
1000034736;900;41
1000034745;3780;38
1000034805;12000;61
1000034810;1507.5;28
1000034814;1080;47
1000034826;1080;64
1000034827;360;48
1000034829;15202.5;47
1000034830;10740;56
1000034831;3570;29
1000034845;7807.5;43
1000034848;3330;53
1000034856;330;47
1000034861;2430;49
1000034879;1335;51
1000034887;18900;66
1000034889;675;27
1000034899;2070;37
1000034901;1890;28
1000034908;2272.5;32
1000034909;2700;64
1000034913;4755;28
1000034914;9555;46
1000034915;4620;37
1000034921;16087.5;45
1000034923;600;44
1000034926;4050;51
1000034938;393.75;50
1000034949;4455;34
1000034968;13380;53
1000034969;20250;57
1000034972;6300;38
1000034977;12405;46
1000034982;1406.25;59
1000034989;5220;33
1000034992;12195;40
1000034999;240;32
1000035010;180;64
1000035013;6637.5;39
1000035032;7035;51
1000035033;8445;60
1000035037;12990;70
1000035039;2448.75;47
1000035040;573.75;42
1000035044;6480;52
1000035052;720;54
1000035059;2156.25;75
1000035061;2160;40
1000035080;15018.75;48
1000035081;6780;44
1000035090;2880;28
1000035100;3000;59
1000035102;5493.75;48
1000035105;3487.5;67
1000035111;15954.375;57
1000035122;540;56
1000035123;4117.5;46
1000035126;36562.5;59
1000035134;5730;54
1000035149;1950;36
1000035158;270;41
1000035163;2700;52
1000035165;21240;55
1000035166;4020;55
1000035169;5700;37
1000035172;11400;61
1000035178;450;63
1000035179;2430;70
1000035195;660;56
1000035200;12187.5;41
